species,lon,lat
Microtus californicus,-122.31622,37.86311
Microtus californicus,-122.30994,37.89247
Microtus californicus,-122.30564,37.89038
Microtus californicus,-122.2833333,37.8833333
Microtus californicus,-122.272,37.87
Microtus californicus,-122.2698574,37.8762592
Microtus californicus,-122.2691131,37.8762592
Microtus californicus,-122.2666667,37.8666667
Microtus californicus,-122.2420078,37.8667885
Microtus californicus,-122.2388993,37.8770351
Microtus californicus,-122.2376706,37.8735857
Microtus californicus,-122.2370695,37.8744479
Microtus californicus,-122.2348967,37.8713428
Microtus californicus,-122.233441,37.8829679
Microtus californicus,-122.2323559,37.8821056
Microtus californicus,-122.232,37.882
Microtus californicus,-122.231667,37.880833
Microtus californicus,-122.2302975,37.8713428
Microtus californicus,-122.2300752,37.866064
Microtus californicus,-122.2127778,37.7444444
Microtus californicus,-122.2126871,37.7439691
Microtus californicus,-122.19551,37.83914
Microtus californicus,-122.31156,37.89731
Microtus californicus,-122.31,37.89
Microtus californicus,-122.3,37.86
Microtus californicus,-122.27,37.87
Microtus californicus,-122.24,37.86
Microtus californicus,-122.24,37.87
Microtus californicus,-122.23,37.87
Microtus californicus,-122.09,37.5
Microtus californicus,-122.26985,37.87625
Microtus californicus,-122.26925,37.82732
Microtus californicus,-122.23706,37.87444
Microtus californicus,-122.01879,37.5996
Microtus californicus,-121.9945564,37.63766694
Microtus californicus,-121.81938,37.49432
Microtus californicus,-121.6815667,37.61050002
Microtus californicus,-121.61145,37.68715
Microtus californicus,-122.329196,37.9139675
Microtus californicus,-122.31306,37.8939
Microtus californicus,-122.289898,37.7801232
Microtus californicus,-122.27167,37.87167
Microtus californicus,-122.271667,37.871667
Microtus californicus,-122.2696,37.90557
Microtus californicus,-122.26044,37.89284
Microtus californicus,-122.2602199,37.8858646
Microtus californicus,-122.2470795,37.8803864
Microtus californicus,-122.245263,37.8677546
Microtus californicus,-122.2452199,37.8679961
Microtus californicus,-122.2410595,37.8726538
Microtus californicus,-122.240929,37.872653
Microtus californicus,-122.2371213,37.8771041
Microtus californicus,-122.2326899,37.8771391
Microtus californicus,-122.2324427,37.8821401
Microtus californicus,-122.23237,37.86953
Microtus californicus,-122.2319879,37.8238683
Microtus californicus,-122.23153,37.87105
Microtus californicus,-122.2315172,37.8760005
Microtus californicus,-122.22868,37.87161
Microtus californicus,-122.2282656,37.733492
Microtus californicus,-122.22577,37.73068
Microtus californicus,-122.221484,37.862733
Microtus californicus,-122.22052,37.75286
Microtus californicus,-122.2204948,37.8745514
Microtus californicus,-122.21183,37.837363
Microtus californicus,-122.16165,37.7424
Microtus californicus,-122.1552454,37.6450506
Microtus californicus,-122.149721,37.661245
Microtus californicus,-122.12892,37.62233
Microtus californicus,-122.0188,37.5996
Microtus californicus,-121.95638,37.6986
Microtus californicus,-121.9199102,37.5979008
Microtus californicus,-121.9105983,37.4958407
Microtus californicus,-121.820556,37.492948
Microtus californicus,-121.8159417,37.5049615
Microtus californicus,-121.76624,37.6822
Microtus californicus,-121.71666,37.64381
Microtus californicus,-121.6854881,37.6123133
Microtus californicus,-121.65129,37.64861
Microtus californicus,-121.64834,37.64702
Microtus californicus,-121.5975422,37.6475664
Microtus californicus,-121.5932024,37.6407418
Microtus californicus,-121.5692279,37.6388404
Microtus californicus,-119.98613,38.69477
Microtus californicus,-121.006944,38.408889
Microtus californicus,-120.91923,38.40863
Microtus californicus,-121.944,39.792
Microtus californicus,-121.919127,39.745903
Microtus californicus,-121.8239719,39.3219406
Microtus californicus,-121.748253,39.780221
Microtus californicus,-121.7481278,39.7817112
Microtus californicus,-121.9768746,39.5340729
Microtus californicus,-121.7733333,39.68866667
Microtus californicus,-121.765556,39.552222
Microtus californicus,-121.55535,39.57029
Microtus californicus,-120.3153859,38.2785489
Microtus californicus,-120.31822,38.27858
Microtus californicus,-120.3653518,38.1904257
Microtus californicus,-122.7568078,39.380758
Microtus californicus,-122.7568,39.38075
Microtus californicus,-122.7704513,39.3795886
Microtus californicus,-122.6,39.375
Microtus californicus,-122.3551,38.9985
Microtus californicus,-122.10507,39.19229
Microtus californicus,-121.9465328,39.2403281
Microtus californicus,-122.127222,37.860833
Microtus californicus,-122.3573624,37.9906189
Microtus californicus,-122.3333333,37.9833333
Microtus californicus,-122.2426953,37.8979031
Microtus californicus,-122.2414555,37.8728907
Microtus californicus,-122.1387243,37.8166667
Microtus californicus,-122.0618613,37.900993
Microtus californicus,-122.0465328,37.8589086
Microtus californicus,-122.0333333,37.9833333
Microtus californicus,-122,37.8216
Microtus californicus,-121.994,37.973
Microtus californicus,-122.29,37.89
Microtus californicus,-122.28,37.92
Microtus californicus,-122.23,37.88
Microtus californicus,-122.19,37.87
Microtus californicus,-122.17544,37.87184
Microtus californicus,-121.9942,37.97337
Microtus californicus,-121.98776,37.81725
Microtus californicus,-121.5639,38.0106
Microtus californicus,-122.3878794,37.9531812
Microtus californicus,-122.387037,37.910533
Microtus californicus,-122.3765387,37.9745281
Microtus californicus,-122.3744105,37.974645
Microtus californicus,-122.3708986,37.9664915
Microtus californicus,-122.3634311,38.0094348
Microtus californicus,-122.36316,37.99834
Microtus californicus,-122.362295,37.9362274
Microtus californicus,-122.3617102,37.899646
Microtus californicus,-122.3616559,37.8999569
Microtus californicus,-122.3602833,37.9988333
Microtus californicus,-122.3602833,37.999
Microtus californicus,-122.3564371,37.9760766
Microtus californicus,-122.3562999,37.9917999
Microtus californicus,-122.35415,37.99295
Microtus californicus,-122.330628,37.9146577
Microtus californicus,-122.3205674,37.9008854
Microtus californicus,-122.3205667,37.9005987
Microtus californicus,-122.3129627,37.8988632
Microtus californicus,-122.3071764,37.9004285
Microtus californicus,-122.29367,38.01507
Microtus californicus,-122.2826265,37.9291957
Microtus californicus,-122.2537378,38.0044808
Microtus californicus,-122.2474675,37.9002916
Microtus californicus,-122.2334044,37.88951
Microtus californicus,-122.229904,37.8899223
Microtus californicus,-122.1754448,37.8718423
Microtus californicus,-122.17529,37.9043
Microtus californicus,-122.1716658,37.9043824
Microtus californicus,-122.1664142,37.8937541
Microtus californicus,-122.1535,37.9162
Microtus californicus,-122.1525,37.9154
Microtus californicus,-122.15,37.9178
Microtus californicus,-122.1403711,37.9381323
Microtus californicus,-122.1403,37.9455
Microtus californicus,-122.1385925,37.9175522
Microtus californicus,-122.1316813,37.9662181
Microtus californicus,-122.1304176,37.8721266
Microtus californicus,-122.127884,37.8305356
Microtus californicus,-122.11396,37.8855504
Microtus californicus,-122.0979315,38.0339592
Microtus californicus,-122.09126,38.0211559
Microtus californicus,-122.0911734,38.0378147
Microtus californicus,-122.0866552,37.8785684
Microtus californicus,-122.0686129,38.0338608
Microtus californicus,-122.0604412,37.8717282
Microtus californicus,-121.9577485,37.8358182
Microtus californicus,-121.95134,37.78306
Microtus californicus,-121.93472,37.94111
Microtus californicus,-121.9328333,37.881833
Microtus californicus,-121.9130424,37.8816953
Microtus californicus,-121.8865639,37.76095278
Microtus californicus,-121.7711994,37.81359493
Microtus californicus,-121.7119317,38.0272732
Microtus californicus,-121.695833,37.931944
Microtus californicus,-121.662415,38.07457
Microtus californicus,-123.625462,41.9955479
Microtus californicus,-123.49,43.06
Microtus californicus,-123.41,43.12
Microtus californicus,-123.3222857,43.6637147
Microtus californicus,-123.2775,42.930833
Microtus californicus,-121.00674,38.91503
Microtus californicus,-120.914406,38.688779
Microtus californicus,-120.6350067,38.75449
Microtus californicus,-115.2916667,30.794167
Microtus californicus,-119.4622222,36.6405556
Microtus californicus,-119.4508333,36.6544444
Microtus californicus,-120.381667,36.753611
Microtus californicus,-120.3792,36.7808
Microtus californicus,-120.3791,36.7807
Microtus californicus,-119.8218,36.8838
Microtus californicus,-119.7017,36.8252
Microtus californicus,-119.4641,36.7166
Microtus californicus,-119.122201,36.731601
Microtus californicus,-122.8441182,39.7275109
Microtus californicus,-122.8537664,39.6535097
Microtus californicus,-124.253,40.727683
Microtus californicus,-124.2166667,40.6333333
Microtus californicus,-124.166762,40.814833
Microtus californicus,-124.161389,41.135833
Microtus californicus,-124.1504323,41.0651805
Microtus californicus,-124.149,40.7851
Microtus californicus,-124.142431,40.89274
Microtus californicus,-124.13,40.86
Microtus californicus,-124.1133254,40.9999229
Microtus californicus,-124.1057838,41.0202387
Microtus californicus,-124.100556,40.946389
Microtus californicus,-124.0857767,40.9050023
Microtus californicus,-124.0795,40.8701
Microtus californicus,-124.0780563,40.8759117
Microtus californicus,-124.0666667,40.5333333
Microtus californicus,-124.0638883,40.7615337
Microtus californicus,-124.05,40.53
Microtus californicus,-124,40
Microtus californicus,-123.95,41.45
Microtus californicus,-123.6158322,40.4907074
Microtus californicus,-124,40.01
Microtus californicus,-123.97,40.49
Microtus californicus,-124.36845,40.46708
Microtus californicus,-124.05869,40.53791
Microtus californicus,-123.74929,40.49831
Microtus californicus,-123.62788,40.93965
Microtus californicus,-124.4052299,40.440217
Microtus californicus,-124.3684553,40.4670873
Microtus californicus,-124.286944,40.325278
Microtus californicus,-124.2623,40.60969
Microtus californicus,-124.2623,40.5807
Microtus californicus,-124.140833,40.547222
Microtus californicus,-124.12376,40.6848699
Microtus californicus,-124.1126136,41.2101376
Microtus californicus,-124.1104022,40.4799184
Microtus californicus,-124.1001847,40.4801238
Microtus californicus,-124.0586921,40.5379163
Microtus californicus,-124.0415543,40.5359463
Microtus californicus,-124.0327,40.5216
Microtus californicus,-124.01883,40.84341
Microtus californicus,-123.9383,40.7249
Microtus californicus,-123.9,40.108056
Microtus californicus,-123.88759,40.77914
Microtus californicus,-123.8807184,41.1535776
Microtus californicus,-123.8584651,41.1335554
Microtus californicus,-123.7317033,40.8748542
Microtus californicus,-123.67841,40.84787
Microtus californicus,-123.6278827,40.9396583
Microtus californicus,-123.61833,40.91792
Microtus californicus,-123.59922,41.00487
Microtus californicus,-123.59863,40.99321
Microtus californicus,-118.3957214,37.3652992
Microtus californicus,-118.3088242,37.4049754
Microtus californicus,-118.3000788,37.4058015
Microtus californicus,-118.1985827,36.8023957
Microtus californicus,-118.1318098,36.5959019
Microtus californicus,-118.0666667,36.6
Microtus californicus,-118.0608098,36.6071071
Microtus californicus,-118.05,37.44
Microtus californicus,-118.03,36.31
Microtus californicus,-118.0259184,36.3210737
Microtus californicus,-117.9797509,36.8720953
Microtus californicus,-116.2301092,35.8733644
Microtus californicus,-118.12,36.55
Microtus californicus,-118.57446,37.44568
Microtus californicus,-118.401131,37.454911
Microtus californicus,-118.348767,37.361434
Microtus californicus,-118.34519,37.40065
Microtus californicus,-118.31084,37.40482
Microtus californicus,-118.304884,37.405079
Microtus californicus,-118.29121,37.40766
Microtus californicus,-118.289486,36.78326
Microtus californicus,-118.289486,36.78325
Microtus californicus,-118.26855,36.77547
Microtus californicus,-118.218063,36.871
Microtus californicus,-118.214801,36.826074
Microtus californicus,-118.11231,36.59499
Microtus californicus,-118.10991,36.58926
Microtus californicus,-118.10244,36.5051
Microtus californicus,-118.095156,36.59723
Microtus californicus,-118.08862,37.33035
Microtus californicus,-118.0619,36.6061
Microtus californicus,-118.05676,36.54234
Microtus californicus,-118.03645,36.61906
Microtus californicus,-118.02917,36.27383
Microtus californicus,-118.01979,36.32242
Microtus californicus,-118.01784,36.57739
Microtus californicus,-118.01131,36.57564
Microtus californicus,-118.00818,37.41428
Microtus californicus,-117.92456,36.52875
Microtus californicus,-117.9087515,35.837806
Microtus californicus,-117.90836,35.83788
Microtus californicus,-117.90758,35.93481
Microtus californicus,-117.905733,35.936983
Microtus californicus,-117.84273,36.70146
Microtus californicus,-117.83167,36.69451
Microtus californicus,-117.8316083,36.69512333
Microtus californicus,-117.8274633,36.69592167
Microtus californicus,-117.825149,36.695944
Microtus californicus,-117.759585,36.126805
Microtus californicus,-117.75673,36.1143
Microtus californicus,-116.269453,35.967747
Microtus californicus,-116.235843,35.87852103
Microtus californicus,-116.2341731,35.88486279
Microtus californicus,-116.233091,35.884823
Microtus californicus,-116.2325278,35.85562222
Microtus californicus,-116.226163,35.852719
Microtus californicus,-116.225395,35.848477
Microtus californicus,-122.9435,42.2754
Microtus californicus,-122.7963,42.3267
Microtus californicus,-122.6694,42.1947
Microtus californicus,-122.3342,42.0475
Microtus californicus,-122.8744,42.2397
Microtus californicus,-122.853062,42.436101
Microtus californicus,-122.8495,42.2758
Microtus californicus,-122.6073,42.2222
Microtus californicus,-123.3272,42.4392
Microtus californicus,-123.6147,42.2212
Microtus californicus,-119.4651,35.6519
Microtus californicus,-119.3595314,35.3109557
Microtus californicus,-119.29954,35.1939609
Microtus californicus,-119.1941498,35.1797177
Microtus californicus,-119.0854235,34.8455831
Microtus californicus,-119.0422222,34.8388889
Microtus californicus,-118.921257,34.897259
Microtus californicus,-118.6311111,35.2222222
Microtus californicus,-118.5905533,35.7413902
Microtus californicus,-118.56926,35.7778592
Microtus californicus,-118.5333333,35.3833333
Microtus californicus,-118.4899,35.1008
Microtus californicus,-118.45,35.11
Microtus californicus,-118.38334,35.058726
Microtus californicus,-118.3654954,35.0621717
Microtus californicus,-118.35381,35.0496294
Microtus californicus,-118.2951,35.1630792
Microtus californicus,-118.2916064,35.6797072
Microtus californicus,-117.96129,34.98415
Microtus californicus,-118.8,35.49
Microtus californicus,-119.543378,35.1961132
Microtus californicus,-119.4485,35.16
Microtus californicus,-119.3971138,35.2139977
Microtus californicus,-119.18658,34.95587
Microtus californicus,-119.1835,34.94862
Microtus californicus,-119.18153,34.91872
Microtus californicus,-119.1805,35.075667
Microtus californicus,-119.1805,35.07567
Microtus californicus,-118.89392,34.8760033
Microtus californicus,-118.5536,35.3819
Microtus californicus,-118.55009,35.214378
Microtus californicus,-118.54439,35.3876464
Microtus californicus,-118.53952,35.2090098
Microtus californicus,-118.49776,35.598948
Microtus californicus,-118.49432,35.4277106
Microtus californicus,-118.49405,35.5870915
Microtus californicus,-118.36517,35.66776
Microtus californicus,-118.34507,35.4793329
Microtus californicus,-118.3444903,35.463044
Microtus californicus,-118.34256,35.45697
Microtus californicus,-118.31651,35.44493
Microtus californicus,-118.31315,35.44219
Microtus californicus,-118.31,35.7412
Microtus californicus,-118.305131,35.700313
Microtus californicus,-118.303466,35.723547
Microtus californicus,-118.28948,35.666083
Microtus californicus,-118.274041,35.680563
Microtus californicus,-118.2197,35.6903
Microtus californicus,-118.172194,35.730345
Microtus californicus,-117.94136,35.6106
Microtus californicus,-117.9069,35.77547
Microtus californicus,-117.9036,35.774845
Microtus californicus,-117.8786,34.86395
Microtus californicus,-119.7748,36.16736
Microtus californicus,-122.87555,38.992211
Microtus californicus,-122.813196,39.010125
Microtus californicus,-122.8078,39.096
Microtus californicus,-122.7907686,38.8337554
Microtus californicus,-122.7443051,38.7967297
Microtus californicus,-122.6790712,39.0120677
Microtus californicus,-122.95,39.44
Microtus californicus,-122.67,39.01
Microtus californicus,-123.01375,39.17565
Microtus californicus,-122.79167,38.94272
Microtus californicus,-122.7945718,39.0924534
Microtus californicus,-122.7613767,39.3744138
Microtus californicus,-122.6794,39.0123
Microtus californicus,-122.67933,39.01223
Microtus californicus,-120.7328604,40.533556
Microtus californicus,-120.653,40.416284
Microtus californicus,-119.7513,37.2502
Microtus californicus,-118.77,34.63
Microtus californicus,-118.7248992,34.6295684
Microtus californicus,-118.6985787,34.7704688
Microtus californicus,-118.6893509,34.0785287
Microtus californicus,-118.679167,34.033333
Microtus californicus,-118.6402008,34.4573177
Microtus californicus,-118.6386454,34.1567022
Microtus californicus,-118.6378937,34.0797485
Microtus californicus,-118.61228,34.3294167
Microtus californicus,-118.6025078,34.3357327
Microtus californicus,-118.6000268,34.3298803
Microtus californicus,-118.5958292,34.3285019
Microtus californicus,-118.5888753,34.327708
Microtus californicus,-118.5849813,34.3234131
Microtus californicus,-118.5744,34.4269
Microtus californicus,-118.5507535,34.0906193
Microtus californicus,-118.5391338,34.4237092
Microtus californicus,-118.51455,34.13835
Microtus californicus,-118.51,34.42
Microtus californicus,-118.5097379,32.9169515
Microtus californicus,-118.5061111,34.3325
Microtus californicus,-118.4797222,34.0305556
Microtus californicus,-118.4791667,32.8905556
Microtus californicus,-118.4746838,34.2846188
Microtus californicus,-118.4632373,34.0303365
Microtus californicus,-118.45452,34.042627
Microtus californicus,-118.447688,33.9517
Microtus californicus,-118.4475,33.9625
Microtus californicus,-118.4466598,33.9628375
Microtus californicus,-118.4440984,34.6768846
Microtus californicus,-118.4436845,33.966329
Microtus californicus,-118.4419488,33.9666063
Microtus californicus,-118.4368239,33.9989297
Microtus californicus,-118.4350356,33.9725053
Microtus californicus,-118.435,33.97
Microtus californicus,-118.4321208,33.9593438
Microtus californicus,-118.4315736,34.0569984
Microtus californicus,-118.4166667,34.0166667
Microtus californicus,-118.41365,33.94395
Microtus californicus,-118.403558,34.66657
Microtus californicus,-118.3998545,32.8607913
Microtus californicus,-118.394849,34.022606
Microtus californicus,-118.3916459,34.2729979
Microtus californicus,-118.3890395,32.8249831
Microtus californicus,-118.3791667,33.7413889
Microtus californicus,-118.3740242,34.005997
Microtus californicus,-118.3712281,34.0033472
Microtus californicus,-118.3682917,34.0105188
Microtus californicus,-118.3627234,33.9971988
Microtus californicus,-118.362515,34.2688107
Microtus californicus,-118.3557932,34.0635982
Microtus californicus,-118.3481994,33.7639889
Microtus californicus,-118.2711105,33.9602966
Microtus californicus,-118.2505304,34.1428345
Microtus californicus,-118.238981,34.22417
Microtus californicus,-118.22,34.73
Microtus californicus,-118.2124262,34.4468585
Microtus californicus,-118.1838768,34.8058879
Microtus californicus,-118.15,34.15
Microtus californicus,-118.1289,34.7844
Microtus californicus,-118.1286,34.7878
Microtus californicus,-118.1194,34.3291206
Microtus californicus,-118.02897,34.06892
Microtus californicus,-118.009263,34.3425351
Microtus californicus,-117.9683,34.0022
Microtus californicus,-117.8680258,34.0557885
Microtus californicus,-117.8666667,34.0833333
Microtus californicus,-117.8606543,34.2365804
Microtus californicus,-117.85477,34.204002
Microtus californicus,-117.7597465,34.0774269
Microtus californicus,-117.6755204,34.3715622
Microtus californicus,-117.6666667,34.4166667
Microtus californicus,-117.6573672,34.2367627
Microtus californicus,-117.650391,34.2499974
Microtus californicus,-118.744261,34.615092
Microtus californicus,-118.47,34.03
Microtus californicus,-118.38,34.01
Microtus californicus,-118.24,34.04
Microtus californicus,-117.7,34.15
Microtus californicus,-117.67,34.2
Microtus californicus,-117.80358,34.23363
Microtus californicus,-118.81567,34.09622
Microtus californicus,-118.5716,34.71709
Microtus californicus,-118.473699,34.087
Microtus californicus,-118.473533,34.085481
Microtus californicus,-118.413774,33.978877
Microtus californicus,-118.408788,34.022188
Microtus californicus,-118.39246,34.66646
Microtus californicus,-118.38998,34.66245
Microtus californicus,-118.388359,34.659037
Microtus californicus,-118.38717,34.66269
Microtus californicus,-118.17819,34.17167
Microtus californicus,-118.137195,34.123961
Microtus californicus,-118.1321065,34.1480466
Microtus californicus,-118.13085,34.7804
Microtus californicus,-118.127496,34.555304
Microtus californicus,-118.116953,34.547057
Microtus californicus,-118.11636,34.79543
Microtus californicus,-118.113,34.79
Microtus californicus,-118.034589,34.073972
Microtus californicus,-117.835739,34.250575
Microtus californicus,-117.823708,34.161277
Microtus californicus,-119.570618,37.313691
Microtus californicus,-119.4801403,37.437163
Microtus californicus,-119.721443,37.090636
Microtus californicus,-119.695,37.128333
Microtus californicus,-119.518151,37.283294
Microtus californicus,-122.9394379,38.1349983
Microtus californicus,-122.9111073,38.1010747
Microtus californicus,-122.8862842,38.1174504
Microtus californicus,-122.85,38.1
Microtus californicus,-122.8058,38.0692
Microtus californicus,-122.7727449,37.9837131
Microtus californicus,-122.7582228,38.0216938
Microtus californicus,-122.5089,37.9383
Microtus californicus,-122.5081,37.938454
Microtus californicus,-122.4849111,37.8844098
Microtus californicus,-122.4508085,37.8774659
Microtus californicus,-122.272747,37.871593
Microtus californicus,-122.25,38.1
Microtus californicus,-122.98,38.06
Microtus californicus,-122.903993,38.246684
Microtus californicus,-122.8986189,38.0693636
Microtus californicus,-122.6973756,38.0606078
Microtus californicus,-122.53,38
Microtus californicus,-122.92976,38.03483
Microtus californicus,-122.91403,38.20715
Microtus californicus,-122.89862,38.06936
Microtus californicus,-122.85579,38.1011
Microtus californicus,-122.8058,38.06919
Microtus californicus,-122.78612,38.04058
Microtus californicus,-122.73972,38.02916
Microtus californicus,-122.69737,38.0606
Microtus californicus,-122.67441,37.92487
Microtus californicus,-122.61528,37.98631
Microtus californicus,-122.5686,38.10749
Microtus californicus,-122.56761,37.88965
Microtus californicus,-122.55632,37.95246
Microtus californicus,-122.5539,37.9625
Microtus californicus,-122.54573,37.90684
Microtus californicus,-122.525,37.89036
Microtus californicus,-122.49287,37.96506
Microtus californicus,-122.48773,37.91433
Microtus californicus,-122.48611,37.91241
Microtus californicus,-122.47898,37.91612
Microtus californicus,-122.9811179,38.0604165
Microtus californicus,-122.9774684,38.2236745
Microtus californicus,-122.963888,38.2072445
Microtus californicus,-122.9478788,38.1010022
Microtus californicus,-122.9407931,38.1386875
Microtus californicus,-122.9371376,38.1386163
Microtus californicus,-122.9320232,38.0802138
Microtus californicus,-122.9295161,38.1009351
Microtus californicus,-122.9142814,38.0935586
Microtus californicus,-122.9011817,38.0978691
Microtus californicus,-122.8998031,38.1654174
Microtus californicus,-122.894167,38.160556
Microtus californicus,-122.891698,38.1078446
Microtus californicus,-122.8882029,38.1119003
Microtus californicus,-122.88699,38.11089
Microtus californicus,-122.8714964,38.0301005
Microtus californicus,-122.8713448,38.1143342
Microtus californicus,-122.8559965,38.0779508
Microtus californicus,-122.8559095,38.0866168
Microtus californicus,-122.8411816,38.1070708
Microtus californicus,-122.8254121,38.0922129
Microtus californicus,-122.8059065,38.0983946
Microtus californicus,-122.7860072,37.9936085
Microtus californicus,-122.7519984,38.0468503
Microtus californicus,-122.7291015,38.0189878
Microtus californicus,-122.7267985,38.0237462
Microtus californicus,-122.7029552,37.90599
Microtus californicus,-122.6853,37.9094
Microtus californicus,-122.6002694,37.96164722
Microtus californicus,-122.6002694,37.96165278
Microtus californicus,-122.595675,37.95503889
Microtus californicus,-122.5500533,37.8429389
Microtus californicus,-122.55,37.84
Microtus californicus,-122.5372566,37.9459459
Microtus californicus,-122.5307177,37.9989641
Microtus californicus,-122.5251214,37.8964078
Microtus californicus,-122.5225223,37.8896511
Microtus californicus,-122.5221382,37.9514616
Microtus californicus,-122.5173063,37.8813778
Microtus californicus,-122.5157516,37.8821443
Microtus californicus,-122.5147549,37.8292336
Microtus californicus,-122.508492,37.9571842
Microtus californicus,-122.5079271,37.9320877
Microtus californicus,-122.5042014,37.9260548
Microtus californicus,-122.4953866,37.9558952
Microtus californicus,-122.4948453,37.9774949
Microtus californicus,-122.4934822,37.970274
Microtus californicus,-122.4905,38.01273
Microtus californicus,-122.49017,38.00168
Microtus californicus,-122.48964,38.00219
Microtus californicus,-122.4855562,37.8339724
Microtus californicus,-122.4744325,38.0083168
Microtus californicus,-122.4301387,37.8620258
Microtus californicus,-120.1307664,37.7595
Microtus californicus,-120.00295,37.774
Microtus californicus,-120.29042,37.65638
Microtus californicus,-120.26757,37.72268
Microtus californicus,-120.2416,37.7006
Microtus californicus,-120.22121,37.70881
Microtus californicus,-120.14187,37.73845
Microtus californicus,-120.11166,37.75634
Microtus californicus,-120.1058,37.753536
Microtus californicus,-120.06969,37.50331
Microtus californicus,-119.88244,37.57775
Microtus californicus,-119.881282,37.588966
Microtus californicus,-119.8386,37.7477
Microtus californicus,-119.8059,37.6731
Microtus californicus,-119.781173,37.674352
Microtus californicus,-119.710935,37.725765
Microtus californicus,-123.771347,39.2237428
Microtus californicus,-123.7675018,39.2236099
Microtus californicus,-123.7675,39.2236111
Microtus californicus,-123.754003,39.230237
Microtus californicus,-123.5833333,39.6666667
Microtus californicus,-123.57,38.8
Microtus californicus,-123.5054307,39.3606966
Microtus californicus,-123.4281797,39.5552764
Microtus californicus,-123.1742282,39.2351994
Microtus californicus,-123.7995688,39.3065656
Microtus californicus,-123.79985,39.44351
Microtus californicus,-123.55036,39.89445
Microtus californicus,-123.48906,39.54139
Microtus californicus,-123.48519,39.68633
Microtus californicus,-123.08889,39.45278
Microtus californicus,-123.816111,39.738889
Microtus californicus,-123.812648,39.7773734
Microtus californicus,-123.7998582,39.4435148
Microtus californicus,-123.79391,39.829
Microtus californicus,-123.783075,39.635715
Microtus californicus,-123.7802398,39.9367192
Microtus californicus,-123.7783436,39.3302004
Microtus californicus,-123.7708711,39.2757509
Microtus californicus,-123.7687484,39.2107537
Microtus californicus,-123.6310081,39.8335402
Microtus californicus,-123.5276145,38.7956145
Microtus californicus,-123.5275764,38.7667231
Microtus californicus,-123.4851937,39.6863371
Microtus californicus,-123.4149308,39.8229693
Microtus californicus,-123.355002,39.5073005
Microtus californicus,-123.2472059,39.7489392
Microtus californicus,-123.15104,39.51602
Microtus californicus,-123.0889033,39.5107702
Microtus californicus,-123.0889,39.45279
Microtus californicus,-123.0716017,38.9955331
Microtus californicus,-123.0678014,39.01574306
Microtus californicus,-122.9273073,39.5415188
Microtus californicus,-120.8397,37.19336667
Microtus californicus,-120.79794,37.12287
Microtus californicus,-121,36.89
Microtus californicus,-120.4447,37.53014
Microtus californicus,-120.4364,37.5192
Microtus californicus,-120.39391,37.51121
Microtus californicus,-120.35127,37.52911
Microtus californicus,-120.319088,37.291852
Microtus californicus,-121.4734,41.9546
Microtus californicus,-118.6349297,37.5814951
Microtus californicus,-118.401531,37.504659
Microtus californicus,-118.403,37.504659
Microtus californicus,-124.15,40.6
Microtus californicus,-121.923214,36.554668
Microtus californicus,-121.9166667,36.6166667
Microtus californicus,-121.8570824,36.6075263
Microtus californicus,-121.8034877,36.7508649
Microtus californicus,-121.7994,36.7442
Microtus californicus,-121.7872135,36.7731694
Microtus californicus,-121.7859241,36.8034527
Microtus californicus,-121.7858333,36.8044444
Microtus californicus,-121.7833,36.8
Microtus californicus,-121.76789,36.80345
Microtus californicus,-121.7629428,36.7676161
Microtus californicus,-121.74,36.826
Microtus californicus,-121.7399447,36.8261999
Microtus californicus,-121.5609558,36.3747734
Microtus californicus,-121.3436203,39.2201958
Microtus californicus,-121.2722244,36.4636116
Microtus californicus,-121.1108333,36.2197222
Microtus californicus,-121.91,36.55
Microtus californicus,-121.91,36.49
Microtus californicus,-121.89,36.6
Microtus californicus,-121.8,36.75
Microtus californicus,-121.7147672,36.4562343
Microtus californicus,-121.56,36.37
Microtus californicus,-121.9431,36.51725
Microtus californicus,-121.9324,36.54349
Microtus californicus,-121.92429,36.62143
Microtus californicus,-121.90324,36.4809
Microtus californicus,-121.88597,36.59359
Microtus californicus,-121.80348,36.75086
Microtus californicus,-121.7976,36.33373
Microtus californicus,-121.78592,36.80345
Microtus californicus,-121.69753,36.17507
Microtus californicus,-121.57815,36.09283
Microtus californicus,-121.33986,35.81256
Microtus californicus,-121.0686111,36.18861111
Microtus californicus,-120.74949,35.8414
Microtus californicus,-121.933,36.636
Microtus californicus,-121.917469,36.619863
Microtus californicus,-121.90426,36.602688
Microtus californicus,-121.898014,36.57092
Microtus californicus,-121.897474,36.59962
Microtus californicus,-121.835607,36.60922
Microtus californicus,-121.813352,36.664542
Microtus californicus,-121.803876,36.740111
Microtus californicus,-121.80221,36.74966
Microtus californicus,-121.79908,36.74736
Microtus californicus,-121.799035,36.683841
Microtus californicus,-121.79896,36.74749
Microtus californicus,-121.79874,36.74771
Microtus californicus,-121.79868,36.74776
Microtus californicus,-121.79811,36.72202
Microtus californicus,-121.78871,36.7384
Microtus californicus,-121.787326,36.773286
Microtus californicus,-121.78711,36.73701
Microtus californicus,-121.78668,36.804902
Microtus californicus,-121.7859,36.7943
Microtus californicus,-121.78521,36.73606
Microtus californicus,-121.785,36.73632
Microtus californicus,-121.75798,36.76582
Microtus californicus,-121.74301,36.68025
Microtus californicus,-121.74057,36.664619
Microtus californicus,-121.7339,36.8297
Microtus californicus,-121.70821,36.73889
Microtus californicus,-121.69939,36.74182
Microtus californicus,-121.681984,36.625276
Microtus californicus,-121.6818,36.62331
Microtus californicus,-121.590658,36.368739
Microtus californicus,-121.56443,36.37907
Microtus californicus,-121.5609167,36.37644471
Microtus californicus,-121.5578509,36.38488204
Microtus californicus,-121.5575301,36.38474295
Microtus californicus,-121.5570799,36.38497188
Microtus californicus,-121.55699,36.88874
Microtus californicus,-121.556859,36.38486104
Microtus californicus,-121.5568207,36.37851365
Microtus californicus,-121.5537452,36.38446205
Microtus californicus,-121.553692,36.38493016
Microtus californicus,-121.5484028,36.37618496
Microtus californicus,-121.5484021,36.37619467
Microtus californicus,-121.538122,36.777608
Microtus californicus,-121.515123,36.014133
Microtus californicus,-121.398233,36.417608
Microtus californicus,-121.395603,36.592096
Microtus californicus,-121.38585,36.613238
Microtus californicus,-121.3688,36.3313
Microtus californicus,-121.367128,36.589439
Microtus californicus,-121.339243,36.43517
Microtus californicus,-121.328347,36.374091
Microtus californicus,-121.304,36.4649
Microtus californicus,-121.021059,36.118995
Microtus californicus,-122.4715881,38.5438372
Microtus californicus,-122.4497196,38.57656
Microtus californicus,-122.270555,38.260285
Microtus californicus,-122.254045,38.609741
Microtus californicus,-122.1874271,38.2986235
Microtus californicus,-122.59858,38.65204
Microtus californicus,-122.48226,38.65323
Microtus californicus,-122.40151,38.4369
Microtus californicus,-122.36163,38.25006
Microtus californicus,-122.6020777,38.6314452
Microtus californicus,-122.3616331,38.2500657
Microtus californicus,-122.33853,38.31666
Microtus californicus,-122.3086604,38.2176485
Microtus californicus,-118.08,33.74
Microtus californicus,-118.0769737,33.7378931
Microtus californicus,-118.0712656,33.7172732
Microtus californicus,-117.81,33.85
Microtus californicus,-117.7825012,33.7297211
Microtus californicus,-117.759873,33.5967621
Microtus californicus,-117.698056,33.467222
Microtus californicus,-117.6139586,33.7090425
Microtus californicus,-117.5537211,33.6297662
Microtus californicus,-117.4146178,33.661823
Microtus californicus,-118.02915,34.00011
Microtus californicus,-117.8552167,33.6607
Microtus californicus,-117.8551667,33.6606
Microtus californicus,-117.85275,33.6630833
Microtus californicus,-117.85255,33.6630167
Microtus californicus,-117.8525167,33.6631167
Microtus californicus,-117.85175,33.6631833
Microtus californicus,-117.8464,33.6545
Microtus californicus,-117.8390167,33.65385
Microtus californicus,-117.8175,33.8569
Microtus californicus,-117.80023,33.57157
Microtus californicus,-117.79635,33.5971
Microtus californicus,-117.763334,33.576472
Microtus californicus,-117.74935,33.57403
Microtus californicus,-117.68778,33.87597
Microtus californicus,-117.68473,33.89249
Microtus californicus,-120.9934,39.00334
Microtus californicus,-121.02391,38.91517
Microtus californicus,-120.965505,39.1264304
Microtus californicus,-120.838802,39.2059333
Microtus californicus,-120.83303,39.19779
Microtus californicus,-120.83,39.2
Microtus californicus,-120.4687898,39.8084511
Microtus californicus,-117.6734686,34.0161915
Microtus californicus,-117.4321686,33.6067122
Microtus californicus,-117.4037281,33.8215746
Microtus californicus,-117.3004909,33.7052174
Microtus californicus,-117.1981,33.93615
Microtus californicus,-117.16,33.98
Microtus californicus,-116.9110905,33.4842909
Microtus californicus,-116.9077674,33.4906373
Microtus californicus,-116.8743215,33.9406031
Microtus californicus,-116.6797838,33.7069028
Microtus californicus,-116.6446302,34.0439196
Microtus californicus,-117.4166136,33.9482009
Microtus californicus,-117.39,33.93
Microtus californicus,-117.459,34.03
Microtus californicus,-117.4554799,34.0295232
Microtus californicus,-117.29416,33.51864
Microtus californicus,-117.25724,33.80733
Microtus californicus,-117.188229,32.793901
Microtus californicus,-117.18167,33.9975016
Microtus californicus,-116.9190516,33.9400561
Microtus californicus,-116.8811569,33.9254175
Microtus californicus,-116.8756,33.8981
Microtus californicus,-116.6930155,33.6668392
Microtus californicus,-116.6647045,33.7633397
Microtus californicus,-116.6593614,33.8042231
Microtus californicus,-116.6216613,33.8776859
Microtus californicus,-116.5135639,34.0687473
Microtus californicus,-116.4861,33.5447
Microtus californicus,-121.5594444,38.2386111
Microtus californicus,-121.5763,38.22159
Microtus californicus,-121.51345,38.24195
Microtus californicus,-121.50529,38.19669
Microtus californicus,-121.49826,38.22862
Microtus californicus,-121.48329,38.15779
Microtus californicus,-121.4417917,38.27046111
Microtus californicus,-121.511302,38.392349
Microtus californicus,-121.4667115,36.7905613
Microtus californicus,-121.2978362,36.6965282
Microtus californicus,-121.1791667,36.4816667
Microtus californicus,-121.1979167,36.60511665
Microtus californicus,-121.0554,36.46155001
Microtus californicus,-121.1545307,36.5446116
Microtus californicus,-121.1441667,36.530833
Microtus californicus,-120.90115,36.61551
Microtus californicus,-120.80917,36.57583
Microtus californicus,-120.7856667,36.294333
Microtus californicus,-120.63,36.35
Microtus californicus,-117.726968,34.3921504
Microtus californicus,-117.69,33.94
Microtus californicus,-117.69,33.98
Microtus californicus,-117.6748546,34.1656197
Microtus californicus,-117.6666667,34.2333333
Microtus californicus,-117.541,34.136
Microtus californicus,-117.4833333,34.2333333
Microtus californicus,-117.4455988,34.3029902
Microtus californicus,-117.4096269,34.3243862
Microtus californicus,-117.3337847,34.5994126
Microtus californicus,-117.3333333,34.2
Microtus californicus,-117.3122846,34.5104033
Microtus californicus,-117.3,34.5333333
Microtus californicus,-117.26028,34.04833
Microtus californicus,-117.23288,34.0297
Microtus californicus,-117.1969736,34.1711239
Microtus californicus,-117.07706,34.25514
Microtus californicus,-117.0448421,34.079261
Microtus californicus,-116.97,34.22
Microtus californicus,-116.96819,34.22012
Microtus californicus,-116.9616667,34.4569444
Microtus californicus,-116.94,34.22
Microtus californicus,-116.9372,34.2228
Microtus californicus,-116.9333333,34.25
Microtus californicus,-116.92268,34.25387
Microtus californicus,-116.89,34.17
Microtus californicus,-116.797204,34.214414
Microtus californicus,-117.33333,34.59889
Microtus californicus,-117.28,34.53
Microtus californicus,-117.61965,35.68189
Microtus californicus,-117.438,34.29889
Microtus californicus,-117.35764,34.63802
Microtus californicus,-117.333,34.599
Microtus californicus,-117.3322827,34.5973112
Microtus californicus,-117.332,34.198
Microtus californicus,-117.29028,34.53611
Microtus californicus,-117.2886,34.0486
Microtus californicus,-117.28739,34.53371
Microtus californicus,-117.27198,34.02053
Microtus californicus,-117.182,34.056
Microtus californicus,-117.17881,34.2587
Microtus californicus,-117.1327729,34.2257807
Microtus californicus,-117.0456049,34.2265517
Microtus californicus,-117.0448234,34.2468965
Microtus californicus,-117.04139,34.26165
Microtus californicus,-116.97543,34.21989
Microtus californicus,-116.97127,34.21916
Microtus californicus,-116.96972,34.21944
Microtus californicus,-116.95498,34.25733
Microtus californicus,-116.93821,34.22394
Microtus californicus,-116.89984,34.26529
Microtus californicus,-116.859545,34.363152
Microtus californicus,-116.858906,34.362758
Microtus californicus,-116.82944,34.17167
Microtus californicus,-116.81556,34.16861
Microtus californicus,-116.78597,34.1586357
Microtus californicus,-116.7681928,34.1363148
Microtus californicus,-116.5733,34.0566
Microtus californicus,-117.4562805,33.2929948
Microtus californicus,-117.3910714,33.2111054
Microtus californicus,-117.311111,33.126667
Microtus californicus,-117.250962,33.38315
Microtus californicus,-117.2020542,33.0203727
Microtus californicus,-117.1874536,33.0339624
Microtus californicus,-117.15,32.7166667
Microtus californicus,-117.0872222,32.7811111
Microtus californicus,-117.0833333,33.1166667
Microtus californicus,-117.0780293,32.7825896
Microtus californicus,-117.0713804,33.0738394
Microtus californicus,-117.0672708,33.0555213
Microtus californicus,-117.0659713,32.7632246
Microtus californicus,-117.0442,32.7861
Microtus californicus,-116.8666667,33.35
Microtus californicus,-116.7970986,33.2388036
Microtus californicus,-116.673056,33.109167
Microtus californicus,-117.08,33.11
Microtus californicus,-117.07,32.78
Microtus californicus,-117.03781,33.13781
Microtus californicus,-116.85221,32.78138
Microtus californicus,-117.5285,33.3812
Microtus californicus,-117.42043,33.23688
Microtus californicus,-117.37262,33.34561
Microtus californicus,-117.36382,33.34365
Microtus californicus,-117.25629,32.92703
Microtus californicus,-117.25113,32.9151
Microtus californicus,-117.24764,32.68304
Microtus californicus,-117.24115,32.66988
Microtus californicus,-117.21509,32.93665
Microtus californicus,-117.17172,32.94038
Microtus californicus,-117.12959,32.55743
Microtus californicus,-117.12447,32.55989
Microtus californicus,-117.12426,32.56099
Microtus californicus,-117.11795,32.53505
Microtus californicus,-117.1115783,32.7323723
Microtus californicus,-117.1062148,32.8961691
Microtus californicus,-117.10584,32.89439
Microtus californicus,-117.10067,32.88952
Microtus californicus,-117.10002,32.89266
Microtus californicus,-117.08907,32.89268
Microtus californicus,-117.08856,32.89194
Microtus californicus,-117.08676,32.89453
Microtus californicus,-117.086,33.119
Microtus californicus,-117.083,32.64
Microtus californicus,-117.076763,33.11888
Microtus californicus,-117.00255,32.55306
Microtus californicus,-116.99721,32.65291
Microtus californicus,-116.97534,32.66364
Microtus californicus,-116.94785,32.72517
Microtus californicus,-116.925,32.9905
Microtus californicus,-116.87047,32.66184
Microtus californicus,-116.86924,32.69677
Microtus californicus,-116.86695,32.6647
Microtus californicus,-116.86277,32.69203
Microtus californicus,-116.86154,32.6939
Microtus californicus,-116.859743,33.0418427
Microtus californicus,-116.85428,32.68545
Microtus californicus,-116.81836,32.683
Microtus californicus,-116.78,32.64
Microtus californicus,-116.71965,33.13186
Microtus californicus,-116.7139,33.0806
Microtus californicus,-116.704149,33.3292491
Microtus californicus,-116.70384,33.13572
Microtus californicus,-116.67114,33.12805
Microtus californicus,-116.67061,33.12461
Microtus californicus,-116.65308,33.1347
Microtus californicus,-116.65186,33.13389
Microtus californicus,-116.64429,33.11867
Microtus californicus,-116.64305,33.1212
Microtus californicus,-116.63731,33.12341
Microtus californicus,-116.62514,33.10988
Microtus californicus,-116.62465,33.12153
Microtus californicus,-116.61808,33.11571
Microtus californicus,-116.61792,33.12076
Microtus californicus,-116.61601,33.10836
Microtus californicus,-116.61425,33.11547
Microtus californicus,-116.61172,33.11746
Microtus californicus,-116.6,33.07
Microtus californicus,-116.6,33.21
Microtus californicus,-116.599508,32.949608
Microtus californicus,-116.44,32.97
Microtus californicus,-116.38,32.78
Microtus californicus,-116.36,32.97
Microtus californicus,-116.355494,32.975064
Microtus californicus,-116.189,32.618
Microtus californicus,-116.1,32.67
Microtus californicus,-122.49326,37.72097
Microtus californicus,-122.4849,37.72863
Microtus californicus,-122.48143,37.76957
Microtus californicus,-122.46503,37.76982
Microtus californicus,-122.46372,37.79766
Microtus californicus,-122.45578,37.79277
Microtus californicus,-122.4509,37.7497
Microtus californicus,-122.45086,37.75235
Microtus californicus,-122.44857,37.75252
Microtus californicus,-122.43152,37.71251
Microtus californicus,-122.47592,37.78906
Microtus californicus,-122.4601483,37.798371
Microtus californicus,-122.447744,37.757094
Microtus californicus,-121.4814224,37.6551437
Microtus californicus,-121.5183167,37.62973334
Microtus californicus,-121.50624,38.02498
Microtus californicus,-121.49385,38.1141
Microtus californicus,-121.4933,37.63645001
Microtus californicus,-121.49268,37.6356
Microtus californicus,-121.48329,38.03189
Microtus californicus,-121.4764,38.02809
Microtus californicus,-121.4715222,37.97361111
Microtus californicus,-121.42987,38.2549
Microtus californicus,-121.4283333,37.92696667
Microtus californicus,-121.289,37.96799
Microtus californicus,-121.51992,37.62928
Microtus californicus,-121.47564,37.658019
Microtus californicus,-121.46288,37.666978
Microtus californicus,-121.4516667,37.67
Microtus californicus,-121.426853,37.744623
Microtus californicus,-121.330841,37.629808
Microtus californicus,-121.32522,38.214641
Microtus californicus,-121.18953,35.64367
Microtus californicus,-120.8860362,35.4458613
Microtus californicus,-120.8768766,35.4202235
Microtus californicus,-120.867658,35.369419
Microtus californicus,-120.8665152,35.3694014
Microtus californicus,-120.85,35.3666667
Microtus californicus,-120.849793,35.365316
Microtus californicus,-120.8486777,35.3469077
Microtus californicus,-120.8333333,35.4
Microtus californicus,-120.6298,35.1158
Microtus californicus,-120.6,35.0833333
Microtus californicus,-120.3666667,35.6333333
Microtus californicus,-120.2666667,35.7333333
Microtus californicus,-119.7858333,35.095
Microtus californicus,-121.2181306,35.65535
Microtus californicus,-121.08834,35.53973
Microtus californicus,-120.69898,35.33844
Microtus californicus,-120.1956,35.35376111
Microtus californicus,-121.31782,35.764517
Microtus californicus,-121.284444,35.665556
Microtus californicus,-121.09112,35.54071
Microtus californicus,-121.0883,35.53793
Microtus californicus,-121.086439,35.557241
Microtus californicus,-120.84938,35.366994
Microtus californicus,-120.8489,35.3658
Microtus californicus,-120.84366,35.28734
Microtus californicus,-120.839609,35.38855
Microtus californicus,-120.834755,35.326023
Microtus californicus,-120.829245,35.3092
Microtus californicus,-120.738889,35.321389
Microtus californicus,-120.6973,35.723588
Microtus californicus,-120.61595,35.0279833
Microtus californicus,-120.615235,35.027465
Microtus californicus,-120.6141167,35.0265
Microtus californicus,-120.6091167,35.0212333
Microtus californicus,-120.6082333,35.02215
Microtus californicus,-120.31531,35.385682
Microtus californicus,-119.99339,35.06745
Microtus californicus,-119.96531,35.15376
Microtus californicus,-122.4968524,37.5051178
Microtus californicus,-122.4782294,37.6928955
Microtus californicus,-122.4598241,37.6927503
Microtus californicus,-122.41,37.628
Microtus californicus,-122.4011,37.3429
Microtus californicus,-122.384,37.648
Microtus californicus,-122.38,37.624
Microtus californicus,-122.367,37.614
Microtus californicus,-122.363611,37.583333
Microtus californicus,-122.32,37.591
Microtus californicus,-122.274227,37.319025
Microtus californicus,-122.27068,37.434565
Microtus californicus,-122.2320544,37.3836054
Microtus californicus,-122.2227144,37.4698329
Microtus californicus,-122.42,37.63
Microtus californicus,-122.41,37.61
Microtus californicus,-122.39,37.58
Microtus californicus,-122.39,37.63
Microtus californicus,-122.36,37.58
Microtus californicus,-122.25,37.54
Microtus californicus,-122.1692403,37.4276996
Microtus californicus,-122.1338033,37.4351554
Microtus californicus,-122.5478,37.93663
Microtus californicus,-122.49056,37.64716
Microtus californicus,-122.48731,37.67327
Microtus californicus,-122.47547,37.66585
Microtus californicus,-122.4563167,37.69291667
Microtus californicus,-122.45599,37.67536
Microtus californicus,-122.4463,37.62425
Microtus californicus,-122.43376,37.65747
Microtus californicus,-122.42883,37.58518
Microtus californicus,-122.42673,37.701
Microtus californicus,-122.42061,37.59842
Microtus californicus,-122.41119,37.26577
Microtus californicus,-122.37825,37.25572
Microtus californicus,-122.2953,37.5161
Microtus californicus,-122.26939,37.31586
Microtus californicus,-122.24503,37.4027
Microtus californicus,-122.2412333,37.33913333
Microtus californicus,-122.23205,37.3836
Microtus californicus,-122.21964,37.40247
Microtus californicus,-122.20635,37.42079999
Microtus californicus,-122.18366,37.4535
Microtus californicus,-122.17575,37.42257
Microtus californicus,-122.12403,37.47384
Microtus californicus,-122.11833,37.50509
Microtus californicus,-122.410377,37.266407
Microtus californicus,-122.384049,37.65356
Microtus californicus,-122.381799,37.251624
Microtus californicus,-122.3620861,37.20050522
Microtus californicus,-122.28173,37.2506
Microtus californicus,-122.273436,37.531515
Microtus californicus,-122.26187,37.509454
Microtus californicus,-122.257008,37.302572
Microtus californicus,-122.2276197,37.40799038
Microtus californicus,-122.227132,37.484841
Microtus californicus,-122.22526,37.40323
Microtus californicus,-122.2126529,37.40323
Microtus californicus,-122.186478,37.45587
Microtus californicus,-120.6492136,34.5773965
Microtus californicus,-120.6391667,34.5988889
Microtus californicus,-120.6180556,34.6319444
Microtus californicus,-120.5936111,34.6930556
Microtus californicus,-120.516969,34.7623964
Microtus californicus,-120.4752778,34.4811111
Microtus californicus,-120.4447222,34.4622222
Microtus californicus,-120.3361111,34.4858333
Microtus californicus,-120.3330556,34.7922222
Microtus californicus,-120.3233333,34.4983333
Microtus californicus,-120.2772222,34.7444444
Microtus californicus,-120.2303984,34.6232399
Microtus californicus,-120.2166667,34.4833333
Microtus californicus,-120.2013889,34.4708333
Microtus californicus,-120.1719147,34.5282752
Microtus californicus,-120.1205556,34.4719444
Microtus californicus,-120.0430556,34.4763889
Microtus californicus,-119.8755556,34.4166667
Microtus californicus,-119.8695,34.4302
Microtus californicus,-119.8691667,34.41
Microtus californicus,-119.84729,34.413661
Microtus californicus,-119.847,34.412
Microtus californicus,-119.8446,34.42188
Microtus californicus,-119.840278,34.426111
Microtus californicus,-119.839913,34.427746
Microtus californicus,-119.79,34.42
Microtus californicus,-119.7647222,34.4427778
Microtus californicus,-119.738,34.445
Microtus californicus,-119.733,34.449
Microtus californicus,-119.7208333,34.4391667
Microtus californicus,-119.7172222,34.4566667
Microtus californicus,-119.7172222,34.4572222
Microtus californicus,-119.7172222,34.4569444
Microtus californicus,-119.7133333,34.4408333
Microtus californicus,-119.7080556,34.4466667
Microtus californicus,-119.7,34.4166667
Microtus californicus,-119.6972222,34.4208333
Microtus californicus,-119.6963882,34.4088898
Microtus californicus,-119.6836111,34.4425
Microtus californicus,-119.6833333,34.4166667
Microtus californicus,-119.6558333,34.4341667
Microtus californicus,-119.6516667,34.4336111
Microtus californicus,-119.6311111,34.4366667
Microtus californicus,-119.5852778,34.4188889
Microtus californicus,-119.5469748,34.4049437
Microtus californicus,-119.5308333,34.3977778
Microtus californicus,-119.5166667,34.4
Microtus californicus,-119.5134646,34.3956912
Microtus californicus,-119.5105556,34.3922222
Microtus californicus,-119.4786111,34.3775
Microtus californicus,-120.2000889,35.02806667
Microtus californicus,-120.1615833,34.78214722
Microtus californicus,-120.58818,34.68814
Microtus californicus,-120.5879333,34.68805
Microtus californicus,-120.58741,34.68793
Microtus californicus,-120.58736,34.68739
Microtus californicus,-120.58732,34.68748
Microtus californicus,-120.58646,34.68791
Microtus californicus,-120.58611,34.68771
Microtus californicus,-120.58598,34.6875
Microtus californicus,-120.58597,34.68747
Microtus californicus,-120.58595,34.68781
Microtus californicus,-120.58594,34.68787
Microtus californicus,-120.57767,34.81129
Microtus californicus,-120.5062167,34.8235833
Microtus californicus,-120.4571,34.8988
Microtus californicus,-120.3379698,34.4730514
Microtus californicus,-120.285584,34.749588
Microtus californicus,-120.23124,34.47497
Microtus californicus,-120.22793,34.47269
Microtus californicus,-120.2265167,34.4719167
Microtus californicus,-120.2166,34.472
Microtus californicus,-120.21598,34.47207
Microtus californicus,-120.21585,34.47205
Microtus californicus,-120.21562,34.47193
Microtus californicus,-120.21528,34.47188
Microtus californicus,-120.2151,34.47232
Microtus californicus,-120.21463,34.47218
Microtus californicus,-120.21458,34.47223
Microtus californicus,-120.21384,34.47302
Microtus californicus,-120.1898,34.47069
Microtus californicus,-120.12798,34.47325
Microtus californicus,-120.07332,34.46244
Microtus californicus,-120.070144,34.466742
Microtus californicus,-120.06978,34.46411
Microtus californicus,-120.06896,34.46722
Microtus californicus,-120.06716,34.46429
Microtus californicus,-120.0392,34.6924
Microtus californicus,-120.02739,34.46293
Microtus californicus,-120.02739,34.46293
Microtus californicus,-120.02731,34.46301
Microtus californicus,-120.02709,34.46286
Microtus californicus,-120.02612,34.46277
Microtus californicus,-120.02312,34.45831
Microtus californicus,-120.0229,34.45863
Microtus californicus,-120.02286,34.458
Microtus californicus,-120.02189,34.45821
Microtus californicus,-119.94965,34.57041
Microtus californicus,-119.943685,34.571185
Microtus californicus,-119.89603,34.42188
Microtus californicus,-119.8954,34.42281
Microtus californicus,-119.880707,34.415497
Microtus californicus,-119.88046,34.4153
Microtus californicus,-119.878314,34.414267
Microtus californicus,-119.87818,34.40785
Microtus californicus,-119.87753,34.41007
Microtus californicus,-119.87745,34.40992
Microtus californicus,-119.8773079,34.408638
Microtus californicus,-119.8773,34.40922
Microtus californicus,-119.8772,34.40917
Microtus californicus,-119.8772,34.4094
Microtus californicus,-119.87642,34.41217
Microtus californicus,-119.8763,34.41218
Microtus californicus,-119.87602,34.41227
Microtus californicus,-119.87567,34.4125
Microtus californicus,-119.8741833,34.4175333
Microtus californicus,-119.84694,34.42028
Microtus californicus,-119.82535,34.50073
Microtus californicus,-119.7713997,34.46932819
Microtus californicus,-119.715442,34.441993
Microtus californicus,-119.695505,34.44393
Microtus californicus,-119.577115,34.434761
Microtus californicus,-119.5407516,34.4065342
Microtus californicus,-119.53633,34.39868
Microtus californicus,-119.53625,34.39847
Microtus californicus,-119.53507,34.40012
Microtus californicus,-119.53492,34.40047
Microtus californicus,-119.53485,34.40053
Microtus californicus,-119.53483,34.40055
Microtus californicus,-119.53458,34.40094
Microtus californicus,-119.53062,34.40145
Microtus californicus,-119.5295,34.39828
Microtus californicus,-119.5292333,34.3990333
Microtus californicus,-119.52922,34.39902
Microtus californicus,-119.52887,34.39878
Microtus californicus,-119.5287,34.39892
Microtus californicus,-119.5179,34.4126
Microtus californicus,-119.4827694,34.3881087
Microtus californicus,-122.1818323,37.4377485
Microtus californicus,-122.1789,37.3816
Microtus californicus,-121.64312,37.341697
Microtus californicus,-121.9958798,37.3707184
Microtus californicus,-121.6417441,37.3415961
Microtus californicus,-121.4892192,37.3939595
Microtus californicus,-122.24041,37.39605
Microtus californicus,-122.1789,37.38159
Microtus californicus,-122.1695,37.429
Microtus californicus,-122.12118,37.40903
Microtus californicus,-122.06276,37.43269
Microtus californicus,-122.00798,37.17418
Microtus californicus,-121.99192,37.19763
Microtus californicus,-121.95149,37.23329
Microtus californicus,-121.9082861,37.21904722
Microtus californicus,-121.8739611,37.19211111
Microtus californicus,-121.7585056,37.17770556
Microtus californicus,-121.7072611,37.33833333
Microtus californicus,-121.66725,37.32351
Microtus californicus,-121.64174,37.34159
Microtus californicus,-121.6327667,37.17983333
Microtus californicus,-121.4444167,36.98695833
Microtus californicus,-122.18,37.3148
Microtus californicus,-122.16799,37.431008
Microtus californicus,-122.14288,37.317955
Microtus californicus,-122.131845,37.435739
Microtus californicus,-122.091794,37.268888
Microtus californicus,-121.95447,37.43075
Microtus californicus,-121.737,37.3816
Microtus californicus,-121.736948,37.381714
Microtus californicus,-121.670262,37.36948
Microtus californicus,-121.218611,37.066389
Microtus californicus,-121.9333725,36.9742204
Microtus californicus,-121.8063919,36.9878444
Microtus californicus,-121.80639,37.00235
Microtus californicus,-122.06,36.94
Microtus californicus,-121.95,36.97
Microtus californicus,-122.29724,37.11235
Microtus californicus,-122.25711,37.15203
Microtus californicus,-122.2548,37.16461
Microtus californicus,-122.13732,37.17485
Microtus californicus,-122.08601,37.14556
Microtus californicus,-121.98128,36.96147
Microtus californicus,-121.88728,37.09257
Microtus californicus,-122.2661691,37.1225828
Microtus californicus,-122.0565985,36.9505319
Microtus californicus,-122.0068146,36.9746516
Microtus californicus,-121.956626,37.1080126
Microtus californicus,-121.9527902,36.9775775
Microtus californicus,-121.8845357,36.9735467
Microtus californicus,-121.8393963,37.0047078
Microtus californicus,-121.8242982,36.9482497
Microtus californicus,-121.8112483,36.9137265
Microtus californicus,-121.5550003,40.9080544
Microtus californicus,-121.5274963,40.9191666
Microtus californicus,-123.04151,40.38784
Microtus californicus,-121.65439,41.02608
Microtus californicus,-122.9890919,40.3915273
Microtus californicus,-122.6354462,40.6644693
Microtus californicus,-122.239893,40.9176
Microtus californicus,-122.235762,40.917428
Microtus californicus,-122.19799,40.38748
Microtus californicus,-122.19548,40.3909
Microtus californicus,-121.919722,40.840278
Microtus californicus,-121.8663,40.45431
Microtus californicus,-121.551389,40.920556
Microtus californicus,-121.5193365,41.1017824
Microtus californicus,-122.8244749,41.4006976
Microtus californicus,-122.6333313,41.7355537
Microtus californicus,-122.1705517,41.6469706
Microtus californicus,-121.55735,41.97457
Microtus californicus,-123.4918853,41.3869239
Microtus californicus,-123.46469,41.41043
Microtus californicus,-123.44556,41.50407
Microtus californicus,-123.0552272,41.7833402
Microtus californicus,-122.9258811,41.9106494
Microtus californicus,-122.843,41.561333
Microtus californicus,-122.8319858,41.8548259
Microtus californicus,-122.8248377,41.8614973
Microtus californicus,-122.55585,41.910139
Microtus californicus,-122.5544512,41.8858176
Microtus californicus,-122.5542492,41.706847
Microtus californicus,-122.5171893,41.5140469
Microtus californicus,-122.492451,41.3479219
Microtus californicus,-122.49239,41.71538
Microtus californicus,-122.48276,41.69112
Microtus californicus,-122.4514867,41.4453638
Microtus californicus,-122.4298017,41.4330931
Microtus californicus,-122.4006588,41.5979381
Microtus californicus,-122.3985229,41.6024482
Microtus californicus,-122.36704,41.41204
Microtus californicus,-122.3641607,41.7255474
Microtus californicus,-122.3176413,41.3106733
Microtus californicus,-122.2,41.97
Microtus californicus,-122.1666667,38.2
Microtus californicus,-122.1575,38.0494
Microtus californicus,-122,38.2
Microtus californicus,-121.975182,38.15486
Microtus californicus,-121.9717,38.1514
Microtus californicus,-121.9165593,38.1906379
Microtus californicus,-122.04,38.21
Microtus californicus,-121.9,38.14
Microtus californicus,-122.3874,38.15213
Microtus californicus,-121.9694722,38.36056667
Microtus californicus,-122.3292496,38.1290978
Microtus californicus,-122.256214,38.103976
Microtus californicus,-122.2493945,38.0771067
Microtus californicus,-122.2434785,38.1417483
Microtus californicus,-122.1347,38.2106
Microtus californicus,-122.0416581,38.3575616
Microtus californicus,-122.0231,38.036
Microtus californicus,-121.822,38.2669
Microtus californicus,-121.75143,38.5172
Microtus californicus,-123.299,38.5505
Microtus californicus,-123.12456,38.45682
Microtus californicus,-123.1126,38.43000017
Microtus californicus,-123.061666,38.3503775
Microtus californicus,-123.0606448,38.352599
Microtus californicus,-123.0604248,38.3525635
Microtus californicus,-122.9930734,38.3561655
Microtus californicus,-122.874,38.428
Microtus californicus,-122.7688904,38.4384003
Microtus californicus,-122.65,38.2333333
Microtus californicus,-122.6391382,38.2387286
Microtus californicus,-122.5989436,38.1941784
Microtus californicus,-122.6255619,38.2387286
Microtus californicus,-123.31475,38.5859
Microtus californicus,-123.30714,38.57408
Microtus californicus,-123.15178,38.48093
Microtus californicus,-123.00981,38.46443
Microtus californicus,-122.99263,38.50841
Microtus californicus,-122.99013,38.49247
Microtus californicus,-122.71627,38.58471
Microtus californicus,-122.62556,38.23872
Microtus californicus,-122.51134,38.3448
Microtus californicus,-122.44557,38.12212
Microtus californicus,-122.44532,38.15199
Microtus californicus,-122.43766,38.24632
Microtus californicus,-122.43523,38.12591
Microtus californicus,-122.43337,38.15382
Microtus californicus,-122.42072,38.29028
Microtus californicus,-123.4372586,38.7014741
Microtus californicus,-123.3943345,38.6540155
Microtus californicus,-123.3678612,38.6478724
Microtus californicus,-123.3323857,38.5665447
Microtus californicus,-123.2774347,38.5370387
Microtus californicus,-123.1768354,38.5267372
Microtus californicus,-123.0693748,38.3189318
Microtus californicus,-123.06831,38.3193
Microtus californicus,-123.0607572,38.307573
Microtus californicus,-123.0528239,38.4534899
Microtus californicus,-123.051763,38.4235994
Microtus californicus,-123.01256,38.50417
Microtus californicus,-122.915277,38.372337
Microtus californicus,-122.7248859,38.4573421
Microtus californicus,-122.7057436,38.6434471
Microtus californicus,-122.6669801,38.6643328
Microtus californicus,-122.6614253,38.2368143
Microtus californicus,-122.6391382,38.2340725
Microtus californicus,-122.6141672,38.2279447
Microtus californicus,-122.6025539,38.2172789
Microtus californicus,-122.6019869,38.2158288
Microtus californicus,-122.5748928,38.2004954
Microtus californicus,-122.1575,38.04944
Microtus californicus,-120.47991,37.66281
Microtus californicus,-120.47865,37.66512
Microtus californicus,-120.469857,37.6661
Microtus californicus,-120.46245,37.66912
Microtus californicus,-120.46229,37.66986
Microtus californicus,-121.90591,39.18758
Microtus californicus,-121.82745,39.26242
Microtus californicus,-121.81156,39.25617
Microtus californicus,-121.810728,39.228243
Microtus californicus,-121.7998436,39.1925639
Microtus californicus,-121.7871667,39.19166667
Microtus californicus,-121.7178866,38.8291684
Microtus californicus,-122.24155,40.17771
Microtus californicus,-122.8558449,40.3231881
Microtus californicus,-122.8530319,40.0076543
Microtus californicus,-122.8528821,40.0365338
Microtus californicus,-122.8447807,40.0172049
Microtus californicus,-122.2855723,40.3221638
Microtus californicus,-122.22687,40.09325
Microtus californicus,-122.2252066,40.1903286
Microtus californicus,-122.21628,40.2026
Microtus californicus,-122.18468,40.31742
Microtus californicus,-122.18314,40.38944
Microtus californicus,-122.18016,40.37479
Microtus californicus,-122.1783,40.32251
Microtus californicus,-122.1008,40.053
Microtus californicus,-122.0695,40.3146
Microtus californicus,-122.06284,40.33059
Microtus californicus,-121.9809838,40.4228989
Microtus californicus,-121.9775775,40.3104732
Microtus californicus,-121.9591213,40.3908557
Microtus californicus,-121.8883611,40.42684722
Microtus californicus,-121.8836556,40.42789722
Microtus californicus,-121.86558,40.43911
Microtus californicus,-121.7678,40.3096
Microtus californicus,-121.76366,40.30804
Microtus californicus,-121.7082,40.3255
Microtus californicus,-123.6666667,40.5
Microtus californicus,-123.19102,40.550323
Microtus californicus,-122.98,40.18
Microtus californicus,-123.45841,40.47576
Microtus californicus,-123.39125,40.42456
Microtus californicus,-123.39112,40.42469
Microtus californicus,-123.04528,40.18777
Microtus californicus,-123.5831088,40.890626
Microtus californicus,-123.54611,40.86694
Microtus californicus,-123.53139,40.80611
Microtus californicus,-123.52347,40.49
Microtus californicus,-123.49373,40.61736
Microtus californicus,-123.4808944,40.4808574
Microtus californicus,-123.47623,40.4313
Microtus californicus,-123.3645503,40.9195595
Microtus californicus,-123.34143,40.70372
Microtus californicus,-123.33669,40.70553
Microtus californicus,-123.32604,40.70553
Microtus californicus,-123.3244689,40.8143031
Microtus californicus,-123.31657,40.71003
Microtus californicus,-123.30828,40.72534
Microtus californicus,-123.29762,40.6695
Microtus californicus,-123.28579,40.68661
Microtus californicus,-123.27987,40.69832
Microtus californicus,-123.14392,40.55443
Microtus californicus,-123.1358556,40.315747
Microtus californicus,-123.1208333,40.7525
Microtus californicus,-123.0218589,40.2528009
Microtus californicus,-123.015054,40.394887
Microtus californicus,-123.0044351,40.0371474
Microtus californicus,-122.98678,40.18151
Microtus californicus,-119.1,36.24
Microtus californicus,-119.288889,36.5425
Microtus californicus,-119.14061,36.211104
Microtus californicus,-119.0275,36.068611
Microtus californicus,-118.9676893,36.6213511
Microtus californicus,-118.294329,35.829701
Microtus californicus,-118.29175,35.830658
Microtus californicus,-118.205312,36.175368
Microtus californicus,-118.187395,36.159921
Microtus californicus,-119.85,37.87
Microtus californicus,-119.3654075,34.6094588
Microtus californicus,-119.19,34.47
Microtus californicus,-119.1775943,34.1326797
Microtus californicus,-119.1333333,34.8
Microtus californicus,-119.114084,34.1015175
Microtus californicus,-119.1127778,34.1013889
Microtus californicus,-119.1066667,34.3502778
Microtus californicus,-119.0786111,34.3480556
Microtus californicus,-119.0597242,34.0860618
Microtus californicus,-119.010215,34.1091228
Microtus californicus,-119.0008333,34.7872222
Microtus californicus,-118.80646,34.25001
Microtus californicus,-117.9009315,34.2234339
Microtus californicus,-118.75,34.51
Microtus californicus,-119.3154197,34.283417
Microtus californicus,-119.3074956,34.2769246
Microtus californicus,-119.2753333,34.5119
Microtus californicus,-119.2720833,34.51435
Microtus californicus,-119.27105,34.51391667
Microtus californicus,-119.26,34.441
Microtus californicus,-119.1873833,34.54013333
Microtus californicus,-119.1867,34.53975
Microtus californicus,-119.1778167,34.1362
Microtus californicus,-119.1778167,34.1362
Microtus californicus,-119.1778167,34.1362
Microtus californicus,-119.1778167,34.1362
Microtus californicus,-119.1773667,34.1358
Microtus californicus,-119.1772167,34.1357
Microtus californicus,-119.1707833,34.1357167
Microtus californicus,-119.146,34.812
Microtus californicus,-119.1060549,34.1129346
Microtus californicus,-119.00154,34.78665
Microtus californicus,-118.99695,34.78537
Microtus californicus,-118.9953,34.79588
Microtus californicus,-118.799722,34.407222
Microtus californicus,-121.7458954,38.5488892
Microtus californicus,-121.7448173,38.5489864
Microtus californicus,-122.2402623,38.8863534
Microtus californicus,-121.9117,38.69
Microtus californicus,-121.73326,38.548759
Microtus californicus,-123.482778,39.688333
Microtus californicus,-123.356111,43.218056
Microtus californicus,-123.017222,38.799167
Microtus californicus,-122.915556,38.3725
Microtus californicus,-122.788056,38.040833
Microtus californicus,-122.71,42.468056
Microtus californicus,-122.7083,42.1947
Microtus californicus,-122.5772295,38.3555153
Microtus californicus,-122.55414,40.6221
Microtus californicus,-122.199372,37.433
Microtus californicus,-122.1499934,37.9156704
Microtus californicus,-122.040244,38.238247
Microtus californicus,-121.369904,37.75452
Microtus californicus,-121.3634,36.447
Microtus californicus,-121.184021,35.977631
Microtus californicus,-121.0758333,38.8966667
Microtus californicus,-120.774102,38.348802
Microtus californicus,-120.376667,35.303611
Microtus californicus,-119.7509,36.0666
Microtus californicus,-119.294557,35.19191
Microtus californicus,-118.81567,34.09622
Microtus californicus,-118.8023866,34.7151944
Microtus californicus,-118.660833,34.138333
Microtus californicus,-118.59,34.25
Microtus californicus,-118.37,34.46
Microtus californicus,-118.220634,35.690231
Microtus californicus,-118.15,34.1666667
Microtus californicus,-117.111769,32.460771
Microtus californicus,-117.0584,33.5879
Microtus californicus,-116.901744,32.194315
Microtus californicus,-116.897488,33.972895
Microtus californicus,-116.8736111,32.103056
Microtus californicus,-116.8561388,33.4408865
Microtus californicus,-116.834881,32.089139
Microtus californicus,-116.828104,34.12038
Microtus californicus,-116.666667,31.533333
Microtus californicus,-116.35,32.6
Microtus californicus,-116.1,30.9667
Microtus californicus,-116.1,30.966667
Microtus californicus,-116.0175,30.71972222
Microtus californicus,-115.980278,31.979722
Microtus californicus,-115.9425,30.560278
Microtus californicus,-115.824385,30.3207
Microtus californicus,-115.724,30.057
Microtus californicus,-115.7077778,30.056111
Microtus californicus,-115.682,30.9845
Microtus californicus,-115.483333,31
Microtus californicus,-115.458333,30.883333
Microtus californicus,-115.45,30.88333
Microtus californicus,-115.41057,30.922212
Microtus californicus,-115.2833333,29.9833333
